20
TXY5H9,Dore,Prandy,035 Anthes Center,China,dprandy0@1und1.de
0AJBEA,Dorthy,Lindwasser,2423 Aberg Point,Comoros,dlindwasser1@ftc.gov
H5XG9S,Mikol,Castagnasso,234 Spaight Avenue,A7,76029 CEDEX,France,mcastagnasso2@cafepress.com
7747X0,Berke,Harral,5411 Hoffman Plaza,China,bharral3@sphinn.com
6RW0RK,Wendie,Grimestone,66028 Northport Trail,Nigeria,wgrimestone4@mac.com
HCHNKV,Obediah,Gulliman,64729 Duke Terrace,Indonesia,ogulliman5@flickr.com
Y88CAY,Carney,Alywin,5 Ilene Parkway,04,5180-015,Portugal,calywin6@1688.com
JZYHSC,Renaldo,Denslow,7 Cascade Point,783 97,Czech Republic,rdenslow7@dion.ne.jp
T73SPZ,Gawain,Dymidowski,33347 Golf View Hill,Nigeria,gdymidowski8@nba.com
WYG35N,Hewie,Branscombe,7 Sunfield Point,742 83,Czech Republic,hbranscombe9@uol.com.br
QWF0MH,Barney,Reinmar,2 Lakeland Lane,4212,Philippines,breinmara@weibo.com
MFQJ9K,Sandra,Moxted,0986 Ridgeview Pass,452122,Russia,smoxtedb@nhs.uk
SPNN6A,Budd,Lydster,5635 Nelson Plaza,Egypt,blydsterc@spotify.com
VGXNN9,Yancey,Wharton,182 Kinsman Parkway,Indonesia,ywhartond@cdbaby.com
MF7QTT,Dorette,Sterte,7 Shopko Center,345 62,Czech Republic,dstertee@comcast.net
CF9YZ0,Hervey,Piggford,4613 Rigney Street,China,hpiggfordf@mapy.cz
5EW532,Gloriane,Caldayrou,277 Mallard Way,433791,Russia,gcaldayroug@washington.edu
4CC16H,Jud,Elphick,50852 Eastwood Avenue,China,jelphickh@dmoz.org
FA27GJ,Austin,Mattia,976 Memorial Parkway,Greece,amattiai@sakura.ne.jp
0SJVNV,Richmond,Shingler,2974 Packers Parkway,China,rshinglerj@gravatar.com
